method,rows,contains_answer_rate,simple_avg_f1,nq_style_em,nq_style_f1
original,100,0.63,0.4812866153815818,0.3,0.4812866153815818
truncate,100,0.62,0.5023205893802979,0.34,0.5023205893802979
bm25,100,0.62,0.5305799968740558,0.35,0.5305799968740559
llmlingua,100,0.6,0.4940295624101046,0.31,0.4940295624101046
longllmlingua,100,0.63,0.5081899214672335,0.32,0.5081899214672336
